GROUP,PACKAGE,CLASS,INSTRUCTION_MISSED,INSTRUCTION_COVERED,BRANCH_MISSED,BRANCH_COVERED,LINE_MISSED,LINE_COVERED,COMPLEXITY_MISSED,COMPLEXITY_COVERED,METHOD_MISSED,METHOD_COVERED
insights,com.neueda.leap,Main,5,3,0,0,2,2,1,1,1,1
insights,com.neueda.leap.config,SecurityConfig,0,127,0,0,0,25,0,11,0,11
insights,com.neueda.leap.config,SpringDocConfig,40,0,0,0,13,0,2,0,2,0
insights,com.neueda.leap.security,JwtServiceImpl,2,94,2,2,0,27,2,4,0,4
insights,com.neueda.leap.security,JwtPrincipal,6,12,0,0,2,1,1,1,1,1
insights,com.neueda.leap.security,SensitiveLogConverter,0,31,0,0,0,8,0,3,0,3
insights,com.neueda.leap.security,JwtAuthenticationFilter,0,68,1,5,0,19,1,4,0,2
insights,com.neueda.leap.common.exception,GlobalExceptionHandler,52,7,2,0,6,3,4,2,3,2
insights,com.neueda.leap.reporting,ReportingQueryService,11,0,0,0,2,0,2,0,2,0
insights,com.neueda.leap.reporting,ReportingController,0,10,0,0,0,2,0,2,0,2
