fill_id,order_id,filled_at,instrument_id,instrument_symbol,instrument_name,asset_class,market_code,user_id,client_email,account_id,account_number,account_status,trader_level,side,filled_quantity,execution_price
11111111-1111-1111-1111-111111111111,21111111-1111-1111-1111-111111111111,2026-10-01T09:15:00Z,31111111-1111-1111-1111-111111111111,AAPL,Apple Inc.,COMMON_STOCK,NASDAQ,41111111-1111-1111-1111-111111111111,alice.jones@example.test,51111111-1111-1111-1111-111111111111,ACC-1001,ACTIVE,NOVICE,BUY,100,100.00
12222222-2222-2222-2222-222222222222,21222222-2222-2222-2222-222222222222,2026-10-01T10:05:00Z,31111111-1111-1111-1111-111111111111,AAPL,Apple Inc.,COMMON_STOCK,NASDAQ,42222222-2222-2222-2222-222222222222,bob.wilson@example.test,52222222-2222-2222-2222-222222222222,ACC-1002,ACTIVE,ADVANCED,SELL,150,101.00
13333333-3333-3333-3333-333333333333,21333333-3333-3333-3333-333333333333,2026-10-01T10:40:00Z,32222222-2222-2222-2222-222222222222,MSFT,Microsoft Corp.,COMMON_STOCK,NASDAQ,41111111-1111-1111-1111-111111111111,alice.jones@example.test,51111111-1111-1111-1111-111111111111,ACC-1001,ACTIVE,NOVICE,BUY,200,250.00
14444444-4444-4444-4444-444444444444,21444444-4444-4444-4444-444444444444,2026-10-01T11:05:00Z,33333333-3333-3333-3333-333333333333,TSLA,Tesla Inc.,COMMON_STOCK,NASDAQ,43333333-3333-3333-3333-333333333333,carol.chen@example.test,53333333-3333-3333-3333-333333333333,ACC-1003,ACTIVE,NOVICE,BUY,50,300.00
15555555-5555-5555-5555-555555555555,21555555-5555-5555-5555-555555555555,2026-10-01T13:15:00Z,31111111-1111-1111-1111-111111111111,AAPL,Apple Inc.,COMMON_STOCK,NASDAQ,42222222-2222-2222-2222-222222222222,bob.wilson@example.test,52222222-2222-2222-2222-222222222222,ACC-1002,ACTIVE,ADVANCED,BUY,120,102.00
16666666-6666-6666-6666-666666666666,21666666-6666-6666-6666-666666666666,2026-10-01T14:20:00Z,34444444-4444-4444-4444-444444444444,EURUSD,EUR/USD,FX,OTC,44444444-4444-4444-4444-444444444444,dana.patel@example.test,54444444-4444-4444-4444-444444444444,ACC-1004,ACTIVE,ADVANCED,BUY,100000,1.0850
17777777-7777-7777-7777-777777777777,21777777-7777-7777-7777-777777777777,2026-10-01T15:45:00Z,35555555-5555-5555-5555-555555555555,BTCUSD,Bitcoin/USD,CRYPTO,COINBASE,44444444-4444-4444-4444-444444444444,dana.patel@example.test,54444444-4444-4444-4444-444444444444,ACC-1004,ACTIVE,ADVANCED,SELL,2,67500.00
18888888-8888-8888-8888-888888888888,21888888-8888-8888-8888-888888888888,2026-10-02T09:10:00Z,32222222-2222-2222-2222-222222222222,MSFT,Microsoft Corp.,COMMON_STOCK,NASDAQ,41111111-1111-1111-1111-111111111111,alice.jones@example.test,51111111-1111-1111-1111-111111111111,ACC-1001,ACTIVE,NOVICE,BUY,80,251.00
19999999-9999-9999-9999-999999999999,21999999-9999-9999-9999-999999999999,2026-10-02T09:35:00Z,33333333-3333-3333-3333-333333333333,TSLA,Tesla Inc.,COMMON_STOCK,NASDAQ,42222222-2222-2222-2222-222222222222,bob.wilson@example.test,52222222-2222-2222-2222-222222222222,ACC-1002,ACTIVE,ADVANCED,BUY,70,305.00
aaaaaaaaa-aaaa-aaaa-aaaa-aaaaaaaaaaaa,2aaaaaaa-aaaa-aaaa-aaaa-aaaaaaaaaaaa,2026-10-02T10:25:00Z,31111111-1111-1111-1111-111111111111,AAPL,Apple Inc.,COMMON_STOCK,NASDAQ,43333333-3333-3333-3333-333333333333,carol.chen@example.test,53333333-3333-3333-3333-333333333333,ACC-1003,ACTIVE,NOVICE,SELL,130,103.00
bbbbbbbb-bbbb-bbbb-bbbb-bbbbbbbbbbbb,2bbbbbbb-bbbb-bbbb-bbbb-bbbbbbbbbbbb,2026-10-02T11:50:00Z,34444444-4444-4444-4444-444444444444,EURUSD,EUR/USD,FX,OTC,41111111-1111-1111-1111-111111111111,alice.jones@example.test,51111111-1111-1111-1111-111111111111,ACC-1001,ACTIVE,NOVICE,BUY,150000,1.0820
cccccccc-cccc-cccc-cccc-cccccccccccc,2ccccccc-cccc-cccc-cccc-cccccccccccc,2026-10-02T13:05:00Z,35555555-5555-5555-5555-555555555555,BTCUSD,Bitcoin/USD,CRYPTO,COINBASE,42222222-2222-2222-2222-222222222222,bob.wilson@example.test,52222222-2222-2222-2222-222222222222,ACC-1002,ACTIVE,ADVANCED,BUY,1,68025.50

